timestamp,voltage_pu,active_power_kw,reactive_power_kvar,frequency_hz,temperature_c,label,attack_type,severity
0,0.9831807149839614,69.03612722238262,6.903612722238262,49.932164017546924,44.92774934395041,attack,false_power,medium
1,0.7837262543131018,27.16661368537764,2.716661368537764,49.9725564243909,43.4125719255924,attack,undervoltage,high
2,1.0068878569978894,69.03144419816012,6.903144419816012,49.92364761482832,41.27450126654413,attack,false_power,medium
3,0.986351722887157,81.29302296613679,8.129302296613679,49.79047567032288,38.28595607454112,attack,false_power,medium
4,1.1202373694047285,20.96294427543707,2.096294427543707,49.862244201218836,37.632753427888225,attack,overvoltage,medium
5,0.9794206739574713,76.19904332442529,7.6199043324425295,50.024130533909286,40.60016486172911,attack,false_power,medium
6,0.9655971381159915,69.91924279769779,6.99192427976978,50.09458017972467,25.248684485506494,attack,false_power,medium
7,1.0042327310514574,71.20491236654902,7.120491236654903,50.058651443307454,38.878209642674136,attack,false_power,medium
8,0.9703114115514501,25.9744385796505,2.5974438579650503,47.66298931015512,38.59240926561484,attack,frequency_attack,critical
9,0.8595297919756186,36.977671894979395,3.69776718949794,49.85342068262855,46.35283038946638,attack,undervoltage,medium
10,0.8359946258602458,26.91423178069178,2.691423178069178,49.89624260591223,38.25039553439964,attack,undervoltage,high
11,0.991940240206406,25.935486508554245,2.593548650855425,54.99737164204175,42.10841378061494,attack,frequency_attack,critical
12,0.9682644046132913,98.67979596115089,9.86797959611509,49.867122488060986,36.275467707964296,attack,false_power,medium
13,1.2119777900957796,24.221559173825234,2.422155917382524,50.17369853107589,27.22155516605038,attack,overvoltage,high
14,1.112608088844385,19.776695510112575,1.9776695510112576,49.876034990761674,40.081507750775664,attack,overvoltage,medium
15,1.2918104609028973,24.174525088616342,2.4174525088616345,49.936252258648956,28.202484308603015,attack,overvoltage,high
16,0.8841870267003935,23.90296278956852,2.390296278956852,50.095409097993915,31.34133579880457,attack,undervoltage,medium
17,0.9843430421969886,66.9901450021098,6.69901450021098,49.979737627899944,31.775070294567527,attack,false_power,medium
18,0.8744232201842177,26.675321229879717,2.667532122987972,50.03332952361255,18.57178403818744,attack,undervoltage,medium
19,1.256583908149789,20.555269125914585,2.0555269125914584,49.98792994767964,35.84617645356681,attack,overvoltage,high
20,1.0254855545517956,24.67209668417903,2.4672096684179032,47.87269742487077,30.221153854701356,attack,frequency_attack,critical
21,0.8661646885157113,23.335087240145132,2.3335087240145134,50.02321594182039,21.799379673063715,attack,undervoltage,medium
22,0.9981886593868753,80.10891672462795,8.010891672462796,49.81637539749164,31.540530954278363,attack,false_power,medium
23,1.003252075122507,85.40846291277275,8.540846291277274,49.861867118982744,33.81190156850758,attack,false_power,medium
24,1.2402433671619584,27.34538246821848,2.7345382468218484,50.032877943098455,34.866515629181194,attack,overvoltage,high
25,0.9852921772396798,26.740437622663066,2.6740437622663067,54.92800823272949,45.289774087979836,attack,frequency_attack,critical
26,1.0331115207181858,73.5950612558922,7.3595061255892205,49.832352721528885,14.804799641986978,attack,false_power,medium
27,1.1050691573967442,15.020434661234383,1.5020434661234383,50.05660215508161,43.615803691540236,attack,overvoltage,medium
28,0.7546646154156086,24.237707490195287,2.423770749019529,49.98718827960002,45.208829805061434,attack,undervoltage,high
29,1.0286597595665625,28.414134863832324,2.8414134863832325,45.25269215165156,26.68354283068984,attack,frequency_attack,critical
30,1.0082815512089431,21.27881271773258,2.127881271773258,54.413783345202596,36.45980749107472,attack,frequency_attack,critical
31,0.7818214854250136,27.720951327431685,2.7720951327431687,49.99667812427635,28.253422402800858,attack,undervoltage,high
32,1.1743047383049108,21.245581547323756,2.1245581547323757,49.88451030006359,33.15459369102608,attack,overvoltage,high
33,0.7921877905742969,26.915318095349928,2.691531809534993,49.94942962498171,35.7705627514306,attack,undervoltage,high
34,0.9910672736478457,28.22645870430796,2.822645870430796,54.477792962175904,38.93946943779365,attack,frequency_attack,critical
35,1.2681254645728912,19.160966020077154,1.9160966020077155,50.06088312217511,13.399703783506812,attack,overvoltage,high
36,0.8457941286735878,18.304394455349808,1.8304394455349808,49.84397638245549,26.112737283262483,attack,undervoltage,high
37,1.0094296393899167,56.68914488750582,5.668914488750582,50.062637529342666,35.96748282373681,attack,false_power,medium
38,0.8360498052948727,17.344340310567958,1.7344340310567958,49.973886830347205,27.960816868137627,attack,undervoltage,high
39,1.1907044498887152,24.231004346347575,2.4231004346347578,50.00637653220277,36.22098209567716,attack,overvoltage,high
40,0.9850799616855099,54.86733457662668,5.486733457662669,50.11870594684833,49.215995139867786,attack,false_power,medium
41,1.0100243165576017,12.351837661699426,1.2351837661699427,53.77122462122125,44.2282881084985,attack,frequency_attack,critical
42,1.1788630905632473,25.93346755968952,2.5933467559689523,50.02198643641456,28.204111388143723,attack,overvoltage,high
43,1.0356612500628803,57.21281181635704,5.721281181635704,49.996615853769875,40.51392026644649,attack,false_power,medium
44,0.7272845141702139,24.886436062358328,2.488643606235833,50.17205884789294,52.59984972010132,attack,undervoltage,high
45,1.003421208638528,56.72339903607724,5.672339903607725,49.941945142237074,19.101554040661135,attack,false_power,medium
46,1.0117658317585905,65.71191097493602,6.571191097493602,50.047980276058595,44.92771854155216,attack,false_power,medium
47,0.9820737127372775,20.299463566185185,2.0299463566185185,52.51092409148323,41.17058478948097,attack,frequency_attack,critical
48,0.9968696141034775,33.128847875846,3.3128847875846,52.39426884321686,37.64884305345539,attack,frequency_attack,critical
49,0.740508186376489,24.257011409559947,2.425701140955995,49.942619882258384,52.80354939202964,attack,undervoltage,high
50,1.2084739805949831,27.776085555858536,2.7776085555858536,50.14375316116384,29.461822574319,attack,overvoltage,high
51,0.9799625546815851,67.71024564872339,6.771024564872339,50.01958364495617,32.12460303823461,attack,false_power,medium
52,1.1132105416764155,28.88808329660979,2.888808329660979,49.93532737073093,31.021077159270668,attack,overvoltage,medium
53,1.0066607857849874,24.373527785986884,2.4373527785986884,53.41426022029269,29.41200583267281,attack,frequency_attack,critical
54,0.9994583075355452,29.743436091921865,2.9743436091921867,46.848919232091774,30.38865835821413,attack,frequency_attack,critical
55,0.8457127711288525,29.324565250266623,2.9324565250266623,49.93784227702859,30.18290008062819,attack,undervoltage,high
56,0.8610705902837898,19.904795921286492,1.9904795921286493,50.062415229818775,33.64796252524528,attack,undervoltage,medium
57,1.2819188050066812,24.438824366492717,2.4438824366492717,49.9035915857857,40.209341054795146,attack,overvoltage,high
58,1.0127221129747843,86.63344309747683,8.663344309747684,49.95623300288348,27.574293331299884,attack,false_power,medium
59,0.9848119522102735,92.36984428485113,9.236984428485114,50.12235438015202,44.22529006594562,attack,false_power,medium
60,1.2096920479370983,20.787761734493603,2.0787761734493606,49.90178828490099,40.32003971981087,attack,overvoltage,high
61,1.2395229355868145,28.42892837226718,2.842892837226718,50.01268947111941,42.13201333520317,attack,overvoltage,high
62,1.0126366019163007,18.50678682561623,1.8506786825616233,45.04941657798976,50.22319170084477,attack,frequency_attack,critical
63,1.0345853881371936,85.59881549691355,8.559881549691355,50.03563852476061,32.15151360825151,attack,false_power,medium
64,0.8125004760649965,24.694460362525067,2.469446036252507,49.934087075358214,54.63629063188337,attack,undervoltage,high
65,0.9905042908875754,24.096550267152452,2.4096550267152455,45.23770183283204,37.86924219936013,attack,frequency_attack,critical
66,0.976213167397513,76.55212997305185,7.655212997305185,50.06381292271223,43.31705201583619,attack,false_power,medium
67,0.8049541548585725,36.58764421004534,3.658764421004534,50.0793995052929,36.04672948450868,attack,undervoltage,high
68,0.8394585232769728,26.71261719308257,2.671261719308257,50.048059386384736,41.640722824048275,attack,undervoltage,high
69,1.0436307362086998,53.62904012164879,5.362904012164879,49.95208392228114,45.487861333845245,attack,false_power,medium
70,1.0132048351655607,26.343839724627884,2.6343839724627887,45.88225041463138,45.611460321779376,attack,frequency_attack,critical
71,0.7662670704064717,31.419643579472762,3.1419643579472765,50.16014629758394,17.251082208540517,attack,undervoltage,high
72,1.0014751443659182,50.560667046367854,5.056066704636786,49.91348388966492,30.5358956295863,attack,false_power,medium
73,0.9662816894858242,68.41838741831977,6.841838741831977,49.99789845741588,30.35986552669744,attack,false_power,medium
74,0.8614549019505635,34.470348871405704,3.4470348871405707,49.831533241295446,40.07648190841994,attack,undervoltage,medium
75,1.2943578340662882,28.45488695968365,2.845488695968365,49.969508238065515,26.93459264119351,attack,overvoltage,high
76,0.8243424409249434,31.326185109078814,3.1326185109078817,50.012769434818836,22.872287535888972,attack,undervoltage,high
77,0.9972700774014601,22.61757241857719,2.261757241857719,46.55145919094573,22.45580665425449,attack,frequency_attack,critical
78,0.9980651501240758,77.69407916687513,7.769407916687513,49.875466319107225,30.023067299462333,attack,false_power,medium
79,0.992659675519225,31.288065212981994,3.1288065212981997,54.30399086772926,44.64983997638183,attack,frequency_attack,critical
80,0.8602095275767909,29.874647464122592,2.9874647464122592,50.06673699891438,32.73862052546854,attack,undervoltage,medium
81,1.1239520028962104,26.450331378808443,2.6450331378808443,49.99027845857104,34.17516248579857,attack,overvoltage,medium
82,1.2118291653840279,18.880343450159053,1.8880343450159054,49.94399128518192,44.38589465137588,attack,overvoltage,high
83,0.9940902923401753,71.81122248205102,7.181122248205103,50.13631145301706,24.065562957763376,attack,false_power,medium
84,1.0524903592467274,73.90335096362384,7.390335096362384,49.93849870822083,30.41938058852133,attack,false_power,medium
85,1.0078230569987532,55.54502325347039,5.554502325347039,50.01814851075894,33.186992527071126,attack,false_power,medium
86,0.9873180128916753,22.759178908815603,2.2759178908815603,45.774295246246524,44.160554408786595,attack,frequency_attack,critical
87,0.9985364747458891,19.15009336724023,1.9150093367240233,52.33975581186303,30.306999297807863,attack,frequency_attack,critical
88,1.1554174833073414,20.205113026932416,2.0205113026932415,49.878534527991064,37.926694559591375,attack,overvoltage,high
89,1.157532439691248,30.897497617368103,3.0897497617368104,50.06343437180506,41.43977044100989,attack,overvoltage,high
90,1.0079479668852167,98.99434126475728,9.899434126475729,50.06337740560773,21.960713725069418,attack,false_power,medium
91,1.0227585074708416,88.5242896005503,8.85242896005503,49.9993865877517,44.21966340239497,attack,false_power,medium
92,0.812797539273793,24.279427304267923,2.4279427304267927,50.045965294000844,36.59786147567854,attack,undervoltage,high
93,0.9994212037971766,54.89820633188435,5.489820633188436,49.84854062009828,20.80141600233554,attack,false_power,medium
94,0.7302183450271655,18.194448589205834,1.8194448589205834,49.99082002492143,28.54681145954026,attack,undervoltage,high
95,1.1736095803499336,24.693344003844906,2.469334400384491,49.9885300209345,41.6271706738187,attack,overvoltage,high
96,0.7012162730843146,22.805041391904833,2.2805041391904832,50.29087828929052,35.90011836856039,attack,undervoltage,high
97,1.0328415558484372,19.3803052001992,1.93803052001992,52.98873927532211,26.263912731038502,attack,frequency_attack,critical
98,1.0059858748777015,33.77356556630827,3.3773565566308275,52.681870184594665,50.02656403622111,attack,frequency_attack,critical
99,0.9933767658853111,52.225152805386806,5.222515280538681,49.85040508065277,33.41785512783897,attack,false_power,medium
100,0.725058340699902,19.993558168548113,1.9993558168548113,49.95948079058569,34.11623061850245,attack,undervoltage,high
101,1.0121811729731083,27.628306392422495,2.7628306392422495,54.116111659529714,27.632528452425152,attack,frequency_attack,critical
102,1.0258873714531054,26.713108586539455,2.671310858653946,53.11731190635062,34.89914526880454,attack,frequency_attack,critical
103,0.8224546543798604,28.048779138533,2.8048779138533,49.984980758747234,19.65098706723417,attack,undervoltage,high
104,1.0297004634965679,68.44375586229809,6.844375586229809,50.10991430664803,21.950515897102683,attack,false_power,medium
105,0.993328014659995,62.807902340253634,6.280790234025364,49.8616653030213,30.456961660055484,attack,false_power,medium
106,1.0285817797087469,94.5289807101912,9.45289807101912,50.05202119722905,25.53960538407415,attack,false_power,medium
107,1.2197190149268784,21.72036446055644,2.172036446055644,50.08842288178875,24.19170931298894,attack,overvoltage,high
108,0.9675775248392686,80.33422966940478,8.033422966940478,50.11718647718052,34.11978168062015,attack,false_power,medium
109,0.7417438436270377,24.46541947975626,2.4465419479756263,49.8847044116677,44.04670966633566,attack,undervoltage,high
110,1.00221489891538,80.24018106728874,8.024018106728874,50.065467439510236,36.81224295124321,attack,false_power,medium
111,1.0273180160190536,90.43158791173057,9.043158791173058,50.0095726533701,42.36660044796646,attack,false_power,medium
112,1.030637072872657,50.499678850078524,5.049967885007852,50.112697119962085,20.682770413584194,attack,false_power,medium
113,1.0007349745633902,27.23370768652627,2.723370768652627,47.51364360931117,26.91106280653284,attack,frequency_attack,critical
114,0.8507792276444401,33.91155745742043,3.391155745742043,50.025467935254376,28.044492088633998,attack,undervoltage,medium
115,0.9966130744707606,88.52279392660259,8.85227939266026,49.91920876409519,40.47029932757749,attack,false_power,medium
116,1.230676913273601,24.297863110175044,2.4297863110175046,50.030523677259666,34.16012008556069,attack,overvoltage,high
117,1.1423347085352338,28.936575213414155,2.8936575213414155,50.007807300791136,31.2527984300499,attack,overvoltage,medium
118,0.9761185094007332,73.00936629825632,7.300936629825633,50.06012678950562,35.219839133547666,attack,false_power,medium
119,0.9950103117057753,65.22316189181913,6.522316189181914,50.07016326438083,27.42893117848764,attack,false_power,medium
120,1.0047687671421348,63.98125231407931,6.398125231407931,49.763449620307235,35.74946601921711,attack,false_power,medium
121,1.0040147964756758,26.08915755072797,2.608915755072797,46.92866585835796,38.656301186167475,attack,frequency_attack,critical
122,0.8750108298136292,22.060103492599744,2.2060103492599743,49.92353141082775,27.299821202362047,attack,undervoltage,medium
123,0.7714402985463255,20.696949255968406,2.0696949255968407,49.99758689698939,34.871475848249645,attack,undervoltage,high
124,0.764954077985231,23.44587019516597,2.344587019516597,50.04182605851215,31.618983628187134,attack,undervoltage,high
125,1.2080073547865817,23.938604033292656,2.3938604033292656,50.06538211954893,40.35672770714807,attack,overvoltage,high
126,0.7117035001343497,20.639549651168927,2.063954965116893,50.250855639662326,51.26509277277907,attack,undervoltage,high
127,0.987550419365068,24.00113584390517,2.4001135843905175,47.385812650799885,24.118057969562557,attack,frequency_attack,critical
128,1.153286996785142,25.2330556154575,2.52330556154575,49.95342464749469,39.89919992302079,attack,overvoltage,high
129,0.9762798856498405,25.388947641014482,2.5388947641014483,52.85097007296404,41.45874012952134,attack,frequency_attack,critical
130,1.2680871256464896,20.764010263824435,2.0764010263824435,49.82877335206929,28.87908919860191,attack,overvoltage,high
131,1.2720738497338355,22.499986344468603,2.2499986344468605,50.12829190395535,37.457205842644186,attack,overvoltage,high
132,1.1738734983946222,24.847142608732984,2.4847142608732984,50.07333670721918,33.87516202642879,attack,overvoltage,high
133,1.0306559210188149,23.958390350506154,2.3958390350506154,52.69353534548854,41.92665991504164,attack,frequency_attack,critical
134,1.0130020185109792,23.239780983657557,2.323978098365756,45.143956656485855,28.772933219621095,attack,frequency_attack,critical
135,1.020215300060704,91.76317640587807,9.176317640587808,50.15126690591948,39.660328677589504,attack,false_power,medium
136,1.18372935808552,21.783772320543157,2.178377232054316,50.11380511596835,41.98378279361377,attack,overvoltage,high
137,0.9705930888060389,19.82100034262028,1.982100034262028,47.25803250015317,35.01553890288019,attack,frequency_attack,critical
138,1.190965148108851,29.488883941446147,2.948888394144615,49.97874174184176,33.78877672374297,attack,overvoltage,high
139,1.008040573128508,71.27498662935989,7.127498662935989,50.029381069845485,16.8457020796812,attack,false_power,medium
140,0.854532030882557,27.13620816128279,2.7136208161282793,49.94387608921157,40.718646678327794,attack,undervoltage,medium
141,0.9935881189064423,98.31767163678336,9.831767163678336,50.051788172782146,41.356521449603264,attack,false_power,medium
142,1.1965156304496936,21.707794752286194,2.1707794752286196,49.95607239082871,33.164868964096996,attack,overvoltage,high
143,0.9928710019570403,91.88826955333818,9.188826955333818,49.95818585018628,44.752376063135074,attack,false_power,medium
144,0.7721421224584437,21.716482746084452,2.171648274608445,50.1227361346407,23.948954974585334,attack,undervoltage,high
145,0.9933048828722423,96.81941403733066,9.681941403733067,49.97531992411628,34.75266887568453,attack,false_power,medium
146,1.1769011941104193,24.648371726595965,2.4648371726595966,50.07876415597966,24.92501010634725,attack,overvoltage,high
147,1.1115818659825214,22.23927951913386,2.223927951913386,50.11608916263279,27.984626608659575,attack,overvoltage,medium
148,1.2805024075601867,30.30437829133843,3.0304378291338434,50.111048631864485,47.30021577712558,attack,overvoltage,high
149,1.0205081321045089,25.657467207192415,2.5657467207192415,52.113061411964225,23.47053158142504,attack,frequency_attack,critical
150,1.0252288979084037,22.74806048796062,2.2748060487960617,46.99499610404072,35.74946789551688,attack,frequency_attack,critical
151,0.9981190922964859,35.72817552690451,3.572817552690451,52.67249359978964,28.82232832060692,attack,frequency_attack,critical
152,1.2517324441172981,8.235720326751746,0.8235720326751746,49.96154085288559,27.60809190515389,attack,overvoltage,high
153,1.1289198214276033,17.252724657124556,1.7252724657124556,49.98001372584392,31.354518844859523,attack,overvoltage,medium
154,1.263921576839095,31.38314877929089,3.1383148779290893,49.940585920834714,39.032858266586324,attack,overvoltage,high
155,0.9587285319554671,63.83337509911405,6.383337509911406,50.02028139680919,28.013145781486333,attack,false_power,medium
156,0.7834029964701321,26.778650767423983,2.6778650767423984,49.956820818355496,42.701655877128694,attack,undervoltage,high
157,1.1330735045873142,28.733701626622445,2.8733701626622445,49.94608246232529,30.99960900799753,attack,overvoltage,medium
158,1.0077626773745874,65.43373905503044,6.543373905503045,50.00463948196101,39.13182235572584,attack,false_power,medium
159,1.1433805473311165,19.658816465918783,1.9658816465918783,50.020026955460295,39.64071470964708,attack,overvoltage,medium
160,0.7112748623571081,19.830916619605873,1.9830916619605874,50.186218342330704,34.22450874492384,attack,undervoltage,high
161,0.7902004410063789,27.77944759734054,2.777944759734054,50.07607731829105,38.15210440862215,attack,undervoltage,high
162,1.159143922283231,25.77138707338409,2.5771387073384093,49.88213959359855,34.16291691586717,attack,overvoltage,high
163,1.2280684311869645,19.20314667102402,1.920314667102402,50.0800288836105,28.686544512417864,attack,overvoltage,high
164,0.9982323633148413,67.53449992284732,6.753449992284732,49.98171172352284,38.107228509002695,attack,false_power,medium
165,0.8599475498164787,23.553910295413516,2.3553910295413516,49.916878023672844,26.37276029592966,attack,undervoltage,medium
166,1.1637252498892636,16.603359680147598,1.6603359680147598,50.00448601797772,38.56696549775921,attack,overvoltage,high
167,1.006310950734493,23.28948668066315,2.328948668066315,52.07783420978974,26.049790128888795,attack,frequency_attack,critical
168,1.1936772166162655,28.14649167736327,2.8146491677363272,50.005189504680125,16.562449771576535,attack,overvoltage,high
169,0.74038132137706,14.95845715014001,1.495845715014001,49.86592042825329,29.658834697189196,attack,undervoltage,high
170,1.051273660263168,18.34411482770568,1.8344114827705682,46.68659212858498,22.733361301121352,attack,frequency_attack,critical
171,1.0081849096806814,25.568104048141173,2.5568104048141174,47.18573427916371,30.267783045362435,attack,frequency_attack,critical
172,1.1234800647336514,29.165386510332254,2.9165386510332256,50.052736579545495,38.024555791239166,attack,overvoltage,medium
173,1.0018955099865319,17.150027926256666,1.7150027926256666,53.98906741084146,41.621519890692184,attack,frequency_attack,critical
174,1.2987831729931614,27.82986274542055,2.782986274542055,50.23483843745617,40.18296929304287,attack,overvoltage,high
175,0.7452436412267817,25.332952585991723,2.5332952585991726,49.930726530379644,12.388989079849217,attack,undervoltage,high
176,0.7314938391895253,28.36512916928104,2.836512916928104,50.215104036310244,15.831031791869915,attack,undervoltage,high
177,0.9935259339610967,23.099308298521812,2.3099308298521812,45.2999482677302,54.69113994815818,attack,frequency_attack,critical
178,1.0063507853839884,25.402850695057822,2.5402850695057824,52.51200659177775,30.168839185381756,attack,frequency_attack,critical
179,0.8311275325893517,21.58119005104404,2.158119005104404,50.19297678487039,37.56954945546312,attack,undervoltage,high
180,0.9806064158479173,33.0545496822417,3.3054549682241703,47.33693797458287,29.53945457425516,attack,frequency_attack,critical
181,0.9927045248281609,21.615454741382532,2.1615454741382534,47.68633257697576,30.056019818425764,attack,frequency_attack,critical
182,0.7504567463009442,31.58735303186279,3.1587353031862793,49.95519412547616,36.39194042479976,attack,undervoltage,high
183,1.0061262416839951,31.722603208824964,3.1722603208824967,47.18125095789134,50.324171978435075,attack,frequency_attack,critical
184,0.8727887219196907,22.369327299057737,2.236932729905774,50.011957929782675,32.02995411143981,attack,undervoltage,medium
185,0.9937743622663519,92.13217132132473,9.213217132132474,49.95939057261716,36.34548278694607,attack,false_power,medium
186,0.7333807565112417,28.128580983598937,2.812858098359894,50.15001174775536,33.15921436577637,attack,undervoltage,high
187,0.724083344805563,29.43939533919451,2.943939533919451,50.03550998957282,21.64885309260027,attack,undervoltage,high
188,0.999694723085598,57.48697193463532,5.748697193463532,50.02035789855195,41.191646517674585,attack,false_power,medium
189,1.012596230768837,52.196775355255056,5.219677535525506,49.928097740033515,35.82746405337789,attack,false_power,medium
190,1.0458960771706338,73.83609498653587,7.383609498653588,49.99112723370888,29.90914300940852,attack,false_power,medium
191,0.798351538895513,18.390382934454646,1.8390382934454648,50.04748473622692,33.955342099121815,attack,undervoltage,high
192,1.2240557197062345,29.722417862877325,2.9722417862877326,50.02706453942316,40.453610554049,attack,overvoltage,high
193,1.203498863229332,17.968308349757717,1.7968308349757718,49.953237498134634,44.12059442789076,attack,overvoltage,high
194,1.1047891367359113,22.401825624085134,2.2401825624085134,50.181403649650726,18.770966985244204,attack,overvoltage,medium
195,0.9943595855404718,26.505844143349627,2.650584414334963,52.796466951878216,39.286266416748774,attack,frequency_attack,critical
196,1.0218207594225777,70.01408402634047,7.0014084026340475,49.97663519278505,43.80912779908216,attack,false_power,medium
197,0.7027432214144863,37.32992345891721,3.732992345891721,49.869900966616896,32.98667970318975,attack,undervoltage,high
198,0.8990319797421392,23.447230828505013,2.3447230828505012,49.95645574927207,36.17082928540484,attack,undervoltage,medium
199,0.9728822992321756,80.43802570643656,8.043802570643656,49.9232546736981,36.139591969542145,attack,false_power,medium
200,0.9970171030816796,55.23946325731482,5.523946325731482,50.05095615304033,24.639372554165362,attack,false_power,medium
201,0.9598119877379265,88.57857145973409,8.85785714597341,49.93238001211216,40.58227446121162,attack,false_power,medium
202,1.0052007893047914,24.75176651600613,2.475176651600613,52.360343575748104,27.528115375781965,attack,frequency_attack,critical
203,1.013814838780014,78.20611326475674,7.8206113264756745,49.808620209181214,50.44025061223408,attack,false_power,medium
204,1.2632681215207928,27.533234493566482,2.7533234493566483,49.889097279226505,29.5082189483863,attack,overvoltage,high
205,0.9902775157130543,58.18732932431279,5.8187329324312795,50.16334977387243,46.74966650476475,attack,false_power,medium
206,1.1438822920930747,26.44102091639304,2.6441020916393043,50.17198982056781,46.29462314240944,attack,overvoltage,medium
207,1.019259397212291,96.39651265125431,9.639651265125432,49.852492968488576,35.65654608594856,attack,false_power,medium
208,0.9749269813827232,59.089818701218945,5.908981870121895,50.22729836243066,29.730613762524587,attack,false_power,medium
209,0.858569805802493,30.763400881360894,3.0763400881360896,50.00366860896444,28.43015989972524,attack,undervoltage,medium
210,0.9835336905447243,50.015462996530424,5.001546299653043,49.831555856952434,43.80181415513638,attack,false_power,medium
211,1.0257389321192436,93.00458923673305,9.300458923673306,50.00158969796628,40.88097873250196,attack,false_power,medium
212,1.2699355734667903,25.94468303740503,2.5944683037405034,50.17598872170218,34.28901427950782,attack,overvoltage,high
213,1.0223703451769146,22.195046153389626,2.2195046153389626,54.57955831892024,33.0351194660653,attack,frequency_attack,critical
214,0.993301258550344,89.83331833379589,8.983331833379589,50.01023467455705,39.27441292236837,attack,false_power,medium
215,1.0076530736925426,59.652571561135716,5.965257156113572,49.97559910587385,31.11248886775206,attack,false_power,medium
216,0.7009182458642413,28.913883473153064,2.8913883473153064,49.97435037355418,35.15435697855557,attack,undervoltage,high
217,1.0061199506079432,31.348793126783164,3.1348793126783168,47.933412133764435,30.882462911876928,attack,frequency_attack,critical
218,0.9882642012883142,19.885040750099492,1.9885040750099492,53.75503162272903,38.798182693691025,attack,frequency_attack,critical
219,1.1229907691744627,14.278360008982462,1.4278360008982462,49.93411416603044,33.406450034344694,attack,overvoltage,medium
220,1.1211423235596079,25.206408792729015,2.520640879272902,49.98145032847216,41.69834476447079,attack,overvoltage,medium
221,1.0294915477490914,70.17404926673706,7.017404926673706,49.8634902238454,42.60337797624693,attack,false_power,medium
222,1.1393570272374893,12.043200618147301,1.2043200618147303,50.106498294549525,25.744985583135396,attack,overvoltage,medium
223,0.9586874683289129,22.746402561331315,2.274640256133132,53.94117380989325,37.98121781776176,attack,frequency_attack,critical
224,0.9893169657655362,91.44977010552557,9.144977010552557,50.037201775009144,32.834306725786575,attack,false_power,medium
225,1.024980974437288,22.241404491768108,2.224140449176811,45.683501089587864,24.2274021150455,attack,frequency_attack,critical
226,1.1527248300476454,28.838272599752663,2.8838272599752663,49.96691107493738,44.802442472489666,attack,overvoltage,high
227,1.0226156178357144,15.424627890707427,1.5424627890707427,52.74952653812987,38.18604990192028,attack,frequency_attack,critical
228,1.1181815152447305,26.98497001976538,2.698497001976538,50.126841287956104,22.162928686948216,attack,overvoltage,medium
229,0.7993166179307241,22.474324239156015,2.2474324239156016,49.88510689079846,27.914963917401735,attack,undervoltage,high
230,1.154244003319767,11.64617455396751,1.164617455396751,50.15938139485648,41.303197994283245,attack,overvoltage,high
231,1.2938265215038762,22.322499508059632,2.2322499508059632,50.036847287326594,13.256390715381489,attack,overvoltage,high
232,0.9928160703388017,50.901003551922635,5.090100355192264,50.03434528620307,40.75210995448382,attack,false_power,medium
233,0.8474080329276803,27.766086006486788,2.7766086006486788,49.854244083297495,37.27935873486621,attack,undervoltage,high
234,1.0047753734773646,26.090705548998816,2.6090705548998816,46.94522249796004,33.32213008470022,attack,frequency_attack,critical
235,1.000964121806531,74.02439476349147,7.402439476349148,49.859498927655274,41.3449900414964,attack,false_power,medium
236,0.8863411827786908,16.93365912004466,1.693365912004466,49.989025248820084,19.481153060677208,attack,undervoltage,medium
237,0.9985115564855908,26.0028387096596,2.60028387096596,47.595586367351856,33.54631813135914,attack,frequency_attack,critical
238,0.8608288874867202,28.020330409939238,2.802033040993924,50.1160478377736,19.778136893739365,attack,undervoltage,medium
239,0.9826138901654453,19.33687999268892,1.9336879992688922,46.03801134487001,30.767543142460305,attack,frequency_attack,critical
240,0.8245955653319768,23.00387646111435,2.3003876461114348,49.98879022426867,39.14921434469021,attack,undervoltage,high
241,0.7280523740057203,22.392789029167254,2.2392789029167255,50.192192692559836,29.883080308458286,attack,undervoltage,high
242,1.2401777799229525,19.089959278468314,1.9089959278468314,50.185389396182465,29.580144419093862,attack,overvoltage,high
243,0.850568014773496,23.53200451917511,2.353200451917511,50.03202540198257,39.287808575461185,attack,undervoltage,medium
244,1.272124138700243,20.697571754202073,2.0697571754202073,50.13398231594959,40.52355499136451,attack,overvoltage,high
245,0.7800374427078911,17.93638875878497,1.7936388758784974,49.9668318444872,39.782558205974944,attack,undervoltage,high
246,0.9693407293254088,83.08828536252626,8.308828536252626,49.841084263560404,35.20109671027347,attack,false_power,medium
247,0.9987344930578291,25.981987717559967,2.598198771755997,46.89162349958267,34.76854039106539,attack,frequency_attack,critical
248,1.006061852632168,53.8517991640754,5.385179916407541,50.02245165687419,36.14984287904541,attack,false_power,medium
249,1.0136585326071508,16.695215310823787,1.6695215310823788,54.38988319831754,44.62759888182998,attack,frequency_attack,critical
250,1.0125097716582598,30.739339329535,3.0739339329535,47.185255552268856,35.01351034449045,attack,frequency_attack,critical
251,0.8270605699338667,25.92576173712061,2.592576173712061,50.059537526320156,36.37521238171011,attack,undervoltage,high
252,1.0231650430034325,16.595657025598,1.6595657025598003,53.97230357485928,46.15397268306625,attack,frequency_attack,critical
253,0.9822761868817645,27.034104229677972,2.7034104229677975,52.52453539340877,24.19197487958952,attack,frequency_attack,critical
254,1.0205866870462827,84.87482841124326,8.487482841124326,49.92512580493933,23.27830749562692,attack,false_power,medium
255,0.9886524380059569,23.70402270474665,2.370402270474665,46.36560656129379,46.51071255195648,attack,frequency_attack,critical
256,0.7646242050916677,23.314363586079143,2.3314363586079145,50.01072828461773,42.046328601631814,attack,undervoltage,high
257,1.1591051195136874,18.382379122191324,1.8382379122191326,50.02800617906703,34.118338894442644,attack,overvoltage,high
258,0.9691427899084548,54.96193088287678,5.496193088287678,49.83311119241621,31.904985431979014,attack,false_power,medium
259,0.9850717024917839,89.32142030694637,8.932142030694637,49.976034509403064,26.85041771705943,attack,false_power,medium
260,0.7894417773050585,26.783726503166104,2.6783726503166108,50.12627530358524,34.838822746381084,attack,undervoltage,high
261,0.8455743813781063,20.89016149280502,2.089016149280502,49.892612480750046,44.62760277539987,attack,undervoltage,high
262,1.123905063057201,28.965905215093134,2.8965905215093137,49.81716874772341,41.045943821202236,attack,overvoltage,medium
263,0.9954653219793801,26.020518632293182,2.6020518632293186,53.99478230252416,32.1268203069718,attack,frequency_attack,critical
264,1.0118080398843348,76.18958174242637,7.618958174242637,49.95352312002517,28.203458735397394,attack,false_power,medium
265,0.999112639989775,28.376590325490987,2.837659032549099,46.28294561069313,26.895744136593166,attack,frequency_attack,critical
266,0.9853256784270987,35.633015429972524,3.5633015429972525,54.14500270579885,26.652128540298662,attack,frequency_attack,critical
267,0.7131734976622255,26.776542522898417,2.677654252289842,50.01639791046145,26.20206527529037,attack,undervoltage,high
268,1.0319795722726606,28.810780115170793,2.8810780115170793,47.254194971332154,42.09713243725133,attack,frequency_attack,critical
269,0.9961598102266024,70.20975193700812,7.020975193700813,50.176756600039546,42.90379309314519,attack,false_power,medium
270,0.8604063990550843,20.30968049245259,2.030968049245259,49.97560771903101,31.853175369322372,attack,undervoltage,medium
271,1.1478122364693535,18.460173248698883,1.8460173248698883,50.1545369238721,22.211916695473295,attack,overvoltage,medium
272,0.9941949156697705,25.589102489661318,2.558910248966132,52.77215778290586,40.723975996736726,attack,frequency_attack,critical
273,0.9794106037921906,76.28183900688217,7.628183900688217,50.0082854364328,41.34465029703824,attack,false_power,medium
274,1.2391831605090455,21.678094891027936,2.1678094891027935,49.95502378055156,28.720876893831147,attack,overvoltage,high
275,1.0567667413514308,29.024388567042145,2.9024388567042148,54.175723428660625,28.213100924965502,attack,frequency_attack,critical
276,0.9937332413078619,21.410091823048297,2.14100918230483,46.80790521548272,28.587409192357367,attack,frequency_attack,critical
277,1.2686092555139699,36.313566559671415,3.6313566559671417,50.0843962547059,29.730494991818844,attack,overvoltage,high
278,1.2778941894004192,28.240224772131533,2.8240224772131537,50.05867518960989,49.184203816295344,attack,overvoltage,high
279,0.8699677067335073,24.744958375921044,2.4744958375921047,50.071176971714685,30.153641547720742,attack,undervoltage,medium
280,0.7251179655435531,33.87305467929994,3.3873054679299943,50.0214274546297,31.85484881461261,attack,undervoltage,high
281,1.141393049241632,26.00305993433798,2.600305993433798,50.06837394398085,34.334135821072486,attack,overvoltage,medium
282,0.9808026704307635,27.320337239751126,2.7320337239751127,45.644204995516155,42.90317031808964,attack,frequency_attack,critical
283,0.9951691905715105,92.37101439816989,9.237101439816989,49.8141298558533,28.643018272885694,attack,false_power,medium
284,1.2522460014973726,24.268980536138702,2.4268980536138702,50.023844666696135,47.73002434778911,attack,overvoltage,high
285,0.8978079642060034,22.119240369088693,2.2119240369088695,49.97326842378478,42.46301322098894,attack,undervoltage,medium
286,1.216375694869949,22.57348742716664,2.257348742716664,49.94873734140245,34.22126311046473,attack,overvoltage,high
287,0.8727804048693355,32.49445373295924,3.2494453732959245,49.98652230738841,42.09216091685051,attack,undervoltage,medium
288,1.0030435835007454,58.529273041016125,5.8529273041016125,49.88730809858222,29.39770506514093,attack,false_power,medium
289,0.8804588888426226,31.099259718782104,3.1099259718782104,49.86884609778149,24.104742000337104,attack,undervoltage,medium
290,1.0063875781756388,27.637798305429232,2.7637798305429233,46.40279586525011,43.13062083546696,attack,frequency_attack,critical
291,0.7414816951095479,26.726987968096633,2.6726987968096636,50.06116207639056,26.106026383189388,attack,undervoltage,high
292,1.0097500823756467,17.23190560745879,1.7231905607458788,47.90321782322308,29.66415765186183,attack,frequency_attack,critical
293,0.8782540887809817,16.221424938119164,1.6221424938119164,49.914217854749644,43.28115617417914,attack,undervoltage,medium
294,0.7413902547622825,24.35721948049961,2.4357219480499612,50.11150884170922,31.588082869846023,attack,undervoltage,high
295,0.9913803508051068,20.373181073728368,2.037318107372837,45.13671196062909,19.88565990219385,attack,frequency_attack,critical
296,1.0129664734227173,19.99568419231899,1.999568419231899,53.118112820488456,20.7127556948327,attack,frequency_attack,critical
297,0.7416245469526773,23.04103574790004,2.304103574790004,50.220440232927814,35.786046707151634,attack,undervoltage,high
298,1.0001189400810415,30.786339508496745,3.0786339508496745,54.68449502846999,37.367257363956384,attack,frequency_attack,critical
299,1.0226922882713512,52.90197383663814,5.2901973836638145,49.89465564074902,36.64465676832261,attack,false_power,medium
300,0.9904967995039373,64.37543777040945,6.437543777040945,49.93456045227261,35.227061120736956,attack,false_power,medium
301,0.7489601940973812,31.039978719219064,3.103997871921907,49.983514507716606,34.742883020006495,attack,undervoltage,high
302,1.0311260989098292,22.588762382339805,2.2588762382339804,52.96833071313601,38.28784549265992,attack,frequency_attack,critical
303,0.8760360502385,34.294635880261836,3.429463588026184,49.94855183595403,51.555669810807075,attack,undervoltage,medium
304,0.8829266759484203,27.136522996077243,2.7136522996077246,50.15633595053895,25.138368187838225,attack,undervoltage,medium
305,0.8733127267092614,36.69633037808656,3.669633037808656,49.95296827721891,40.21073251867794,attack,undervoltage,medium
306,1.204507769648252,34.189086236563924,3.4189086236563924,49.96374159292197,31.25450267187494,attack,overvoltage,high
307,0.972449218002196,62.41703179351368,6.241703179351369,49.96410594572423,35.57758530939512,attack,false_power,medium
308,1.1169291962788168,22.377870760656997,2.2377870760657,49.940511280218075,44.61063158400859,attack,overvoltage,medium
309,1.108699916171886,23.417246365496542,2.3417246365496545,50.17530802872053,39.472174822318465,attack,overvoltage,medium
310,0.9651241034448489,83.51921214721688,8.351921214721688,49.977221321875795,35.930931192267344,attack,false_power,medium
311,0.7371336176183928,33.71745396102656,3.371745396102656,49.99623819172758,25.737204888817327,attack,undervoltage,high
312,0.8487231069110586,25.813027843345598,2.58130278433456,50.0351291443522,26.180678496180242,attack,undervoltage,high
313,1.0094167516868202,34.034522618349534,3.4034522618349534,47.64202580856515,48.55078666810152,attack,frequency_attack,critical
314,0.9961452658232026,17.16141862146192,1.7161418621461921,47.645609622905866,39.02073571852397,attack,frequency_attack,critical
315,1.0174136248845926,25.27574738222096,2.5275747382220963,45.0497344563307,41.48642201837383,attack,frequency_attack,critical
316,0.9811378620646527,25.00218786078837,2.5002187860788374,45.55201906237413,37.45893943145578,attack,frequency_attack,critical
317,1.1889240750545567,26.552673454508465,2.655267345450847,49.94314993305584,25.046502674454885,attack,overvoltage,high
318,1.0144687237721408,91.40696909427388,9.140696909427389,50.01288319508608,50.50427939642583,attack,false_power,medium
319,0.8705335996496943,26.72377895230003,2.672377895230003,49.95617381928769,25.873329880253102,attack,undervoltage,medium
320,1.0185654143628706,93.32757795961152,9.332757795961152,49.97598895484088,37.918580759679045,attack,false_power,medium
321,0.7301270884771126,30.738014682295482,3.0738014682295485,49.917133797250465,29.86598794704227,attack,undervoltage,high
322,1.2727685045200392,22.20272795501798,2.2202727955017982,50.087966856585325,30.138755942795356,attack,overvoltage,high
323,1.0062647768836743,26.04663510108865,2.6046635101088653,45.838449569672896,35.347276197019745,attack,frequency_attack,critical
324,1.003437421197642,69.05801188159967,6.905801188159967,49.79929270664821,36.439303191533625,attack,false_power,medium
325,0.7329648353474593,25.211982144795282,2.5211982144795284,49.999434566089455,30.112102994313243,attack,undervoltage,high
326,1.0056190755810872,18.839767420547414,1.8839767420547415,47.22527161790646,29.535614764615165,attack,frequency_attack,critical
327,1.1031481765085387,27.50936136104847,2.750936136104847,49.964578685069206,43.59098206115168,attack,overvoltage,medium
328,0.7026234032467741,19.17646477510378,1.9176464775103783,50.0494900446373,36.87814184059318,attack,undervoltage,high
329,0.9789408340074888,25.78591393764447,2.578591393764447,47.490105767307824,37.18791828468906,attack,frequency_attack,critical
330,1.2170217092782438,30.62722015770191,3.0627220157701913,50.18622534115732,35.67558224806671,attack,overvoltage,high
331,1.012892786346918,92.9783142934954,9.297831429349541,50.02764735967675,41.36645033507992,attack,false_power,medium
332,1.0228468260369157,17.96291001817885,1.796291001817885,47.11984968654157,31.662417583872514,attack,frequency_attack,critical
333,1.2026674187160113,22.35766751670122,2.235766751670122,50.216734049041115,36.29582074232886,attack,overvoltage,high
334,1.0310276316307363,27.12969162870955,2.712969162870955,46.49356904930843,39.7254316811923,attack,frequency_attack,critical
335,1.0088698662402065,29.477310317404797,2.9477310317404797,53.04152503458487,38.87856455635232,attack,frequency_attack,critical
336,1.1593082164996658,20.583537489203902,2.0583537489203905,50.13114346866904,34.13372641768048,attack,overvoltage,high
337,1.0256831538933968,14.115945582348274,1.4115945582348275,46.61233153930442,44.67623861820795,attack,frequency_attack,critical
338,0.9578425570808113,32.31862770210559,3.231862770210559,54.23921920709172,29.91064306632476,attack,frequency_attack,critical
339,0.9666725329634651,21.26472858546363,2.126472858546363,54.275270519230176,19.84657213284648,attack,frequency_attack,critical
340,1.2613429755470527,31.288926595228503,3.1288926595228506,49.997984341219194,31.050994545007505,attack,overvoltage,high
341,0.9846690903859608,96.42598771684536,9.642598771684536,49.98005432328048,35.836483227224065,attack,false_power,medium
342,0.8183546413746726,18.068343642596098,1.8068343642596099,49.90868367684123,36.84662560211042,attack,undervoltage,high
343,1.016218934772678,85.15325820644918,8.515325820644918,49.96982498529041,46.45292500519555,attack,false_power,medium
344,0.9871153915912919,71.52608589833741,7.152608589833742,50.00940685482657,25.362214100186655,attack,false_power,medium
345,1.03129217012821,24.862223920026565,2.4862223920026567,52.999125180327596,31.297223578637308,attack,frequency_attack,critical
346,0.9925400091610173,27.493938235308732,2.7493938235308732,46.489491221726354,21.426984722614954,attack,frequency_attack,critical
347,0.9969019283075022,22.720799390714678,2.272079939071468,52.38451024647494,26.594337201349404,attack,frequency_attack,critical
348,0.9600390936476902,93.77053953489764,9.377053953489764,50.07822244979523,17.043495136683106,attack,false_power,medium
349,1.2195648685999416,25.800738412859513,2.5800738412859516,50.06324579044337,49.88237237567451,attack,overvoltage,high
350,1.2908950583216074,31.207716162406214,3.1207716162406216,50.19259347747449,44.39436056425579,attack,overvoltage,high
351,1.0175837722266015,25.15568712560367,2.515568712560367,45.30945586852177,32.34374588022129,attack,frequency_attack,critical
352,1.032783828708206,80.67845700799825,8.067845700799825,50.11119456390442,35.266193374701075,attack,false_power,medium
353,0.9938020054629962,81.49495799702423,8.149495799702423,49.936711851244254,30.69381987430846,attack,false_power,medium
354,0.9983377191769477,25.62142169752493,2.562142169752493,47.54137174478123,28.919803947753092,attack,frequency_attack,critical
355,0.8348460051550373,24.78839128413482,2.4788391284134823,50.10477792743159,30.623818236385432,attack,undervoltage,high
356,1.190600411066016,26.0574971918973,2.6057497191897303,50.03553508058981,23.86987085781865,attack,overvoltage,high
357,0.8804471136728936,22.682056081325538,2.2682056081325537,49.86465944947121,21.059896542961717,attack,undervoltage,medium
358,1.0066714172298339,30.558740364472243,3.0558740364472246,52.92845979959643,41.113153769587534,attack,frequency_attack,critical
359,0.9831020232542756,51.71456725588727,5.171456725588727,49.80637100518206,31.54824036357236,attack,false_power,medium
360,0.8992860482032181,21.942393681865425,2.1942393681865426,49.93396068410864,31.1643267618308,attack,undervoltage,medium
361,1.0245086225172948,30.318676602927802,3.0318676602927805,46.70715745493953,38.3868833125533,attack,frequency_attack,critical
362,0.7695793587183091,34.777218386181175,3.477721838618118,50.020725470451296,41.89630859205647,attack,undervoltage,high
363,0.9529670574859442,15.155614567552849,1.515561456755285,53.62742984235487,25.367262112111472,attack,frequency_attack,critical
364,0.8013279240412178,26.90943299814232,2.6909432998142324,49.97753120606432,35.87493316526144,attack,undervoltage,high
365,1.0375802631634587,84.92301462284695,8.492301462284695,49.920145362023206,33.31768464577144,attack,false_power,medium
366,1.0015871572266242,25.533037523706096,2.55330375237061,52.87322055076649,38.35908381551105,attack,frequency_attack,critical
367,0.9687350622774463,21.52207411420234,2.152207411420234,45.198913954094394,27.545921177039986,attack,frequency_attack,critical
368,0.981868191809082,19.93323966144981,1.993323966144981,53.60443466805917,30.57156269631043,attack,frequency_attack,critical
369,0.9903135517129056,51.06101660189491,5.106101660189491,49.98492681185109,60.01480945046477,attack,false_power,medium
370,1.0050598302188003,21.114301118838682,2.1114301118838683,45.497946402100126,41.88579623565016,attack,frequency_attack,critical
371,1.2804528214810023,24.375556692328626,2.4375556692328626,50.016873147487935,36.77762025250748,attack,overvoltage,high
372,0.7708255355701764,26.215500524760486,2.621550052476049,50.094926627966906,39.89598472764547,attack,undervoltage,high
373,1.0189648844300927,25.000913040969277,2.500091304096928,45.25765921803467,26.676319002877268,attack,frequency_attack,critical
374,1.002387990486247,20.855963992434937,2.0855963992434936,47.196690472359954,37.04994913201897,attack,frequency_attack,critical
375,1.2124992020486232,23.827592464000702,2.38275924640007,50.04097507450046,15.049349325255431,attack,overvoltage,high
376,1.0202207905276348,28.23883331027279,2.823883331027279,46.21876496665709,31.498352747590943,attack,frequency_attack,critical
377,1.022906364386608,19.596290269238295,1.9596290269238297,52.751371207972184,19.448367426621722,attack,frequency_attack,critical
378,1.2929620546111718,30.760275234167253,3.0760275234167254,49.857507824225785,44.10309652880759,attack,overvoltage,high
379,0.9897987518131981,20.705446505738593,2.070544650573859,47.1933958653489,27.39102175143821,attack,frequency_attack,critical
380,1.029046891596246,58.63153172772047,5.863153172772048,49.99522214280367,36.73735823081851,attack,false_power,medium
381,1.2537425210508353,25.56390529043074,2.556390529043074,49.961402492419545,37.84443371279029,attack,overvoltage,high
382,0.8778221808386368,31.519003482326323,3.1519003482326324,49.81121976243369,30.36213743334276,attack,undervoltage,medium
383,1.016828000594775,30.000242839408628,3.000024283940863,45.178646893834824,32.640818804928045,attack,frequency_attack,critical
384,0.9991577737190327,20.399446284828585,2.0399446284828584,52.82414058461667,32.66372147917874,attack,frequency_attack,critical
385,1.274510678484744,32.14154699693745,3.2141546996937453,50.08175630952895,45.12308252835362,attack,overvoltage,high
386,1.1087863696394367,27.615340352592174,2.7615340352592175,50.0087859124441,39.223272745581575,attack,overvoltage,medium
387,0.986584164136378,92.02077924097672,9.202077924097672,50.07639780796281,25.115846156805276,attack,false_power,medium
388,1.0395410979233703,25.80127153882037,2.580127153882037,54.87729658488046,42.47416240280645,attack,frequency_attack,critical
389,0.9781860706292496,20.434972539925063,2.0434972539925065,54.5931786395007,36.327849812921386,attack,frequency_attack,critical
390,0.9901421902864825,25.524634324224102,2.5524634324224102,53.19905083452578,36.24574931860545,attack,frequency_attack,critical
391,1.0278619257919377,13.895659319948146,1.3895659319948148,46.19798302551133,29.32674452416033,attack,frequency_attack,critical
392,1.0033311366657705,23.240594489276987,2.3240594489276987,46.50393170324109,36.38251036215641,attack,frequency_attack,critical
393,1.009638589609119,77.61982530103023,7.761982530103023,49.97333503889967,25.217767500334112,attack,false_power,medium
394,0.8968134390652083,28.530659050079333,2.8530659050079334,50.029779497624425,43.602243682615295,attack,undervoltage,medium
395,1.291891312452293,21.88609212706345,2.188609212706345,49.94129609271966,24.814781784718427,attack,overvoltage,high
396,1.2497972726013367,21.587848385287106,2.1587848385287107,49.98682596573039,34.49624664416211,attack,overvoltage,high
397,0.7939974899241773,15.741474468605103,1.5741474468605103,49.89476789560982,33.97966589840889,attack,undervoltage,high
398,1.225499141517148,28.139693845287468,2.813969384528747,50.003635441483034,44.031303117590774,attack,overvoltage,high
399,1.0158095591640177,69.55971305239929,6.955971305239929,49.89041377737469,35.953317312826066,attack,false_power,medium
400,1.2795385291268662,26.853026797469497,2.68530267974695,50.01883741554018,41.14409422537649,attack,overvoltage,high
401,1.031935826924992,78.01440047374977,7.801440047374978,50.07984785863311,26.493467405708962,attack,false_power,medium
402,1.0237242878935147,16.75431613750979,1.675431613750979,45.390660930836624,20.381026928309698,attack,frequency_attack,critical
403,0.967835219091625,64.08680213940666,6.4086802139406664,50.069496484007765,30.129931603167723,attack,false_power,medium
404,1.0086735949484718,28.404002934529128,2.840400293452913,53.90243862234041,30.210656911693516,attack,frequency_attack,critical
405,1.0455057958077745,25.955016117458054,2.5955016117458056,54.15883111517389,28.439428142561596,attack,frequency_attack,critical
406,1.2730894335332708,24.98428763613239,2.498428763613239,50.09898436521759,17.371659631061625,attack,overvoltage,high
407,1.0336325414173861,19.517527465738677,1.9517527465738678,45.07497814593041,40.4722591527307,attack,frequency_attack,critical
408,0.9880745633975966,32.02114433426664,3.202114433426664,54.59910027903883,35.87421173618731,attack,frequency_attack,critical
409,1.1279014782739554,22.262014793218434,2.2262014793218436,49.986101150899216,34.8946926510351,attack,overvoltage,medium
410,1.1221954191395171,28.62815016490427,2.862815016490427,50.04983641039466,35.383512732923194,attack,overvoltage,medium
411,0.9910226991072005,23.295015753142195,2.3295015753142194,45.36751681373958,27.869019502944873,attack,frequency_attack,critical
412,0.9953390189734169,18.040571775550436,1.8040571775550438,45.11773484372642,34.84799548285367,attack,frequency_attack,critical
413,0.8414258864454984,25.56781189131268,2.556781189131268,50.1027568755743,34.17565033817785,attack,undervoltage,high
414,0.8603364658176482,21.986356337123382,2.1986356337123385,49.845543811865426,39.55347045518002,attack,undervoltage,medium
415,1.0000386317985104,21.387650654590416,2.1387650654590415,46.37662304772938,50.63076638943807,attack,frequency_attack,critical
416,1.0080018163248987,23.440689294273053,2.3440689294273054,46.488322480354306,25.809743997137133,attack,frequency_attack,critical
417,0.735329548368768,22.615684659453816,2.261568465945382,50.00821211340219,27.900365396696845,attack,undervoltage,high
418,1.247317968466977,23.903161583299884,2.3903161583299886,50.04183482191278,34.54822089024448,attack,overvoltage,high
419,0.7864677164592028,17.6361639944321,1.76361639944321,50.05446163225369,42.29986665924644,attack,undervoltage,high
420,0.9788186482888883,86.14512735752213,8.614512735752212,49.99806743820079,22.86764067470638,attack,false_power,medium
421,0.9808328665807472,76.25743874441906,7.625743874441906,50.0159217038153,32.502920324597184,attack,false_power,medium
422,0.7955961319696482,23.64837647344436,2.364837647344436,49.988750126533496,49.63295483808441,attack,undervoltage,high
423,1.2275700596389933,27.105957975923868,2.710595797592387,49.8362551958795,36.177478137341275,attack,overvoltage,high
424,1.0494505877738176,95.0213756274077,9.50213756274077,49.89714439179403,40.19324262317439,attack,false_power,medium
425,1.2312984592226361,26.267995779524618,2.626799577952462,50.041378419572446,17.526586025305917,attack,overvoltage,high
426,1.025015097915795,18.992150088535034,1.8992150088535036,46.17827001335712,28.102673054090562,attack,frequency_attack,critical
427,1.2102622170677497,30.99962749356111,3.099962749356111,50.01635355313046,41.254879358490506,attack,overvoltage,high
428,0.9890168892863549,26.592284350979916,2.659228435097992,45.81921507608829,50.04380380074974,attack,frequency_attack,critical
429,1.2986630257626341,22.184760260250727,2.2184760260250727,49.90014798312155,41.00299078864897,attack,overvoltage,high
430,1.0231808311481985,54.966135181689246,5.496613518168925,50.068795535901394,42.563391547760816,attack,false_power,medium
431,0.8539358756408649,24.005682498204663,2.4005682498204663,50.022403922135624,33.801663283397396,attack,undervoltage,medium
432,1.2326826658821555,25.52167121666444,2.5521671216664443,50.112068958699886,14.166844023270475,attack,overvoltage,high
433,0.806792925058707,28.743724902692556,2.8743724902692556,50.010524274328475,36.226759628073076,attack,undervoltage,high
434,0.8682243536207406,15.838642727918678,1.583864272791868,49.95540815425943,43.68395488323462,attack,undervoltage,medium
435,0.9991809859488462,89.10176094457296,8.910176094457297,50.11639772420012,42.08407357377973,attack,false_power,medium
436,1.0206452936100392,84.12683671415749,8.41268367141575,50.001055660028484,30.44329444039083,attack,false_power,medium
437,1.020832799329513,96.25762835290942,9.625762835290942,50.15974941107193,41.229861417207715,attack,false_power,medium
438,0.996716350039094,12.230538662650314,1.2230538662650314,53.37351608266454,36.31921137760312,attack,frequency_attack,critical
439,0.9778449328293032,73.66554562564647,7.366554562564648,49.95129881601331,29.755491298667696,attack,false_power,medium
440,1.1290375685968859,25.477401490416963,2.5477401490416964,50.05853877052132,40.80850125091453,attack,overvoltage,medium
441,0.9931024183303852,20.059732707844837,2.0059732707844837,53.89698133075936,35.28665544597667,attack,frequency_attack,critical
442,1.1508474703978373,18.672334692935216,1.8672334692935217,49.866115331036376,35.032758028007436,attack,overvoltage,high
443,1.2048474281293775,20.059270741778814,2.0059270741778814,49.94187846052216,20.943829606411597,attack,overvoltage,high
444,1.262911011754948,28.3369026991034,2.83369026991034,49.96712183636628,36.117406822572825,attack,overvoltage,high
445,0.7234549395744975,17.54133489663021,1.7541334896630212,50.15933801210941,37.926983741053945,attack,undervoltage,high
446,0.9776425038779596,17.669351606681367,1.7669351606681367,46.3824623775874,38.70029347780554,attack,frequency_attack,critical
447,1.1469679853224952,29.117006811904588,2.911700681190459,49.96141992908033,28.291510773323047,attack,overvoltage,medium
448,0.9916697524823972,54.22152959360203,5.422152959360203,49.96068623315599,43.95468197170305,attack,false_power,medium
449,1.2335191598549122,28.73867301390347,2.873867301390347,50.10714952782117,39.21513548912162,attack,overvoltage,high
450,1.0009298570341754,88.7684023395629,8.87684023395629,49.91203508915661,25.458391924149595,attack,false_power,medium
451,0.7252389028594407,14.038093127656685,1.4038093127656686,49.92197633187806,37.21371110921096,attack,undervoltage,high
452,0.9932583437983324,92.35976343448847,9.235976343448847,49.904013902095535,46.49607444601788,attack,false_power,medium
453,0.965243903715182,60.968969795564206,6.096896979556421,50.076204989726996,21.41172243633961,attack,false_power,medium
454,1.2791820678074957,34.23004514328159,3.4230045143281593,49.88538242175722,39.25903680160589,attack,overvoltage,high
455,1.1974778026173034,26.149632767020282,2.6149632767020283,50.11137656966071,35.9283732151908,attack,overvoltage,high
456,0.9814585348529662,37.96645442982803,3.7966454429828036,46.333953735549635,29.958161642056265,attack,frequency_attack,critical
457,1.2299499986545679,30.44527394057791,3.0445273940577913,49.93675462567396,38.02943632555582,attack,overvoltage,high
458,1.020277922753842,81.79865020139731,8.179865020139731,50.09940641119011,44.11084113389668,attack,false_power,medium
459,1.177852274266457,21.920669271059214,2.1920669271059214,50.19635300951648,36.66311046299634,attack,overvoltage,high
460,1.230030732177366,32.11794815283389,3.211794815283389,49.88772896023823,19.782463089251813,attack,overvoltage,high
461,1.0179044455453552,13.34801571770258,1.3348015717702582,53.94800642706056,46.482225602473356,attack,frequency_attack,critical
462,1.1280703084778287,29.88301722870729,2.988301722870729,49.96900554049398,41.84664712880054,attack,overvoltage,medium
463,0.7173965422963766,28.722740752648583,2.8722740752648583,49.780625582984314,45.762985618116474,attack,undervoltage,high
464,0.7336587148749577,22.31607079850036,2.231607079850036,49.98946634708329,36.704284082177736,attack,undervoltage,high
465,1.002493740530858,22.494149302099217,2.249414930209922,46.521087055496025,33.472349709631466,attack,frequency_attack,critical
466,0.9693899143401283,26.342745943667808,2.634274594366781,46.61869894722031,23.890885278048536,attack,frequency_attack,critical
467,0.8467680601204117,21.72025979231777,2.172025979231777,50.1307164984723,37.12111086103565,attack,undervoltage,high
468,1.223277777649958,17.59494214720054,1.7594942147200543,50.19265479723778,31.14412356796717,attack,overvoltage,high
469,0.8988645492821653,28.768711540390196,2.8768711540390197,50.143170766159486,43.68221527540387,attack,undervoltage,medium
470,0.9975555020028886,23.817969156570104,2.3817969156570107,53.89969630623078,35.17266458417934,attack,frequency_attack,critical
471,1.220074390680749,28.274421365659737,2.827442136565974,50.0372347717566,24.9366554476112,attack,overvoltage,high
472,0.814513426392324,24.993319273161273,2.4993319273161276,49.91817876836126,40.192181153787416,attack,undervoltage,high
473,0.9924251524451531,21.908125332995954,2.1908125332995954,53.866924002353024,25.987785771533808,attack,frequency_attack,critical
474,0.9793630721634796,27.030721440950376,2.703072144095038,53.20610205251843,39.31823532982771,attack,frequency_attack,critical
475,1.0207050362277479,78.97064792296759,7.897064792296759,50.092074892903646,37.83286860761699,attack,false_power,medium
476,0.8107917508247512,24.16599393348597,2.4165993933485974,49.85751939939465,39.95249124163669,attack,undervoltage,high
477,1.2988265707807154,24.457593101378688,2.445759310137869,49.90844035029416,40.678805797684774,attack,overvoltage,high
478,0.9549976793564455,91.04112228673434,9.104112228673435,50.07868328967595,41.2362187713325,attack,false_power,medium
479,1.1994635996906478,21.923242660485407,2.1923242660485407,49.87919121991081,43.94433554641853,attack,overvoltage,high
480,1.1686613713422886,30.81530581093524,3.0815305810935243,49.94970649570957,31.77947280954199,attack,overvoltage,high
481,0.9819052012207307,25.509822880078346,2.5509822880078348,52.18026838069563,38.61925376498284,attack,frequency_attack,critical
482,0.7697517260744218,28.3076357423924,2.8307635742392403,50.013854376259935,32.45910791611667,attack,undervoltage,high
483,1.114894147797476,14.553910258930605,1.4553910258930607,50.069916856378406,41.04412156565741,attack,overvoltage,medium
484,1.0162512523296534,30.592191052569394,3.0592191052569397,45.889725705694524,25.054294836859594,attack,frequency_attack,critical
485,1.0064374378570142,30.461405441393083,3.0461405441393086,46.14091864833323,38.790872361549546,attack,frequency_attack,critical
486,0.8808959814925306,20.43873508878565,2.043873508878565,49.92200208455949,25.088709641779218,attack,undervoltage,medium
487,0.9818334931655371,29.00705188723845,2.9007051887238453,47.81545067390876,36.37017695564686,attack,frequency_attack,critical
488,0.8576431954482834,20.30210470505165,2.0302104705051653,50.1433544382038,38.69429591148716,attack,undervoltage,medium
489,0.9689960094706588,26.66336543087823,2.666336543087823,54.701356140072384,28.105241205062146,attack,frequency_attack,critical
490,0.8352376068270331,22.369625295750716,2.2369625295750715,49.97812445119251,18.099667358434804,attack,undervoltage,high
491,0.7678263268997403,23.698944576339045,2.3698944576339045,50.092689886218956,37.84708763957489,attack,undervoltage,high
492,1.245092537856049,20.121883840606312,2.0121883840606314,50.08946421892627,34.406727950568296,attack,overvoltage,high
493,1.0358732908062915,23.36412834246031,2.336412834246031,46.98189143668659,34.676392525216265,attack,frequency_attack,critical
494,1.0111199951838663,37.48797843409108,3.7487978434091085,46.68799051465988,37.069700136376284,attack,frequency_attack,critical
495,1.0239128512188287,23.124259101726864,2.3124259101726863,53.18219274962967,42.521446431567725,attack,frequency_attack,critical
496,0.737203100864519,20.98156360155623,2.098156360155623,50.06413263899826,35.131293118947255,attack,undervoltage,high
497,0.7419905190762202,33.67879150511652,3.3678791505116523,50.02337856211298,29.62545329149206,attack,undervoltage,high
498,0.9828650422848366,81.36842423881751,8.13684242388175,50.0788234461709,46.47975867691467,attack,false_power,medium
499,1.0070113273879178,32.055958570021225,3.205595857002123,54.29411523655139,40.638363985285444,attack,frequency_attack,critical
